feature,importance
CreditScore,0.20801827160072167
Balance,0.18526292809080783
HasCrCard,0.06185614612106514
EstimatedSalary,0.04490811289077805
Tenure,0.033934518635876196
Geography,0.01174586316077415
NumOfProducts,0.007693505345703877
Age,0.0036493356064058345
IsActiveMember,0.0015866229489584827
