{
    "f1": 0.5731857318573185,
    "roc_auc": 0.831630260521042
}